DATAFLOW,LAST UPDATE,freq,unit,isced11,geo,TIME_PERIOD,OBS_VALUE,OBS_FLAG
ESTAT:EDUC_UOE_FINE09(1.0),31/07/23 11:00:00,A,EUR,ED0,AT,2012,6313.5,
ESTAT:EDUC_UOE_FINE09(1.0),31/07/23 11:00:00,A,EUR,ED0,AT,2013,6579.9,
ESTAT:EDUC_UOE_FINE09(1.0),31/07/23 11:00:00,A,EUR,ED0,AT,2014,6893.8,
ESTAT:EDUC_UOE_FINE09(1.0),31/07/23 11:00:00,A,EUR,ED0,AT,2015,6959.6,
ESTAT:EDUC_UOE_FINE09(1.0),31/07/23 11:00:00,A,EUR,ED0,AT,2016,7267.0,
ESTAT:EDUC_UOE_FINE09(1.0),31/07/23 11:00:00,A,EUR,ED0,AT,2017,7535.6,
ESTAT:EDUC_UOE_FINE09(1.0),31/07/23 11:00:00,A,EUR,ED0,AT,2018,7617.3,
ESTAT:EDUC_UOE_FINE09(1.0),31/07/23 11:00:00,A,EUR,ED0,AT,2019,5442.4,
ESTAT:EDUC_UOE_FINE09(1.0),31/07/23 11:00:00,A,EUR,ED0,AT,2020,8271.8,
ESTAT:EDUC_UOE_FINE09(1.0),31/07/23 11:00:00,A,EUR,ED0,BG,2012,1567.2,
ESTAT:EDUC_UOE_FINE09(1.0),31/07/23 11:00:00,A,EUR,ED0,BG,2013,1840.1,
ESTAT:EDUC_UOE_FINE09(1.0),31/07/23 11:00:00,A,EUR,ED0,BG,2014,1868.3,
ESTAT:EDUC_UOE_FINE09(1.0),31/07/23 11:00:00,A,EUR,ED0,BG,2015,1832.4,
ESTAT:EDUC_UOE_FINE09(1.0),31/07/23 11:00:00,A,EUR,ED0,BG,2016,1994.6,
ESTAT:EDUC_UOE_FINE09(1.0),31/07/23 11:00:00,A,EUR,ED0,BG,2017,2212.2,
ESTAT:EDUC_UOE_FINE09(1.0),31/07/23 11:00:00,A,EUR,ED0,BG,2018,2392.6,
ESTAT:EDUC_UOE_FINE09(1.0),31/07/23 11:00:00,A,EUR,ED0,BG,2019,2628.5,
ESTAT:EDUC_UOE_FINE09(1.0),31/07/23 11:00:00,A,EUR,ED0,BG,2020,2756.0,
ESTAT:EDUC_UOE_FINE09(1.0),31/07/23 11:00:00,A,EUR,ED0,CH,2012,6311.8,
ESTAT:EDUC_UOE_FINE09(1.0),31/07/23 11:00:00,A,EUR,ED0,CH,2013,5884.9,
ESTAT:EDUC_UOE_FINE09(1.0),31/07/23 11:00:00,A,EUR,ED0,CH,2014,7746.0,
ESTAT:EDUC_UOE_FINE09(1.0),31/07/23 11:00:00,A,EUR,ED0,CH,2015,14350.9,
ESTAT:EDUC_UOE_FINE09(1.0),31/07/23 11:00:00,A,EUR,ED0,CH,2016,14296.3,
ESTAT:EDUC_UOE_FINE09(1.0),31/07/23 11:00:00,A,EUR,ED0,CH,2017,14348.9,
ESTAT:EDUC_UOE_FINE09(1.0),31/07/23 11:00:00,A,EUR,ED0,CH,2018,14101.3,
ESTAT:EDUC_UOE_FINE09(1.0),31/07/23 11:00:00,A,EUR,ED0,CH,2020,16058.9,
ESTAT:EDUC_UOE_FINE09(1.0),31/07/23 11:00:00,A,EUR,ED0,CY,2012,2993.2,
ESTAT:EDUC_UOE_FINE09(1.0),31/07/23 11:00:00,A,EUR,ED0,CY,2013,2803.2,
ESTAT:EDUC_UOE_FINE09(1.0),31/07/23 11:00:00,A,EUR,ED0,CY,2015,2185.1,
ESTAT:EDUC_UOE_FINE09(1.0),31/07/23 11:00:00,A,EUR,ED0,CY,2016,2081.6,
ESTAT:EDUC_UOE_FINE09(1.0),31/07/23 11:00:00,A,EUR,ED0,CY,2017,2056.2,
ESTAT:EDUC_UOE_FINE09(1.0),31/07/23 11:00:00,A,EUR,ED0,CY,2018,2059.3,
ESTAT:EDUC_UOE_FINE09(1.0),31/07/23 11:00:00,A,EUR,ED0,CY,2019,2029.9,
ESTAT:EDUC_UOE_FINE09(1.0),31/07/23 11:00:00,A,EUR,ED0,CY,2020,2093.2,
ESTAT:EDUC_UOE_FINE09(1.0),31/07/23 11:00:00,A,EUR,ED0,CZ,2012,2397.8,
ESTAT:EDUC_UOE_FINE09(1.0),31/07/23 11:00:00,A,EUR,ED0,CZ,2013,2382.1,
ESTAT:EDUC_UOE_FINE09(1.0),31/07/23 11:00:00,A,EUR,ED0,CZ,2014,2316.1,
ESTAT:EDUC_UOE_FINE09(1.0),31/07/23 11:00:00,A,EUR,ED0,CZ,2015,2358.9,
ESTAT:EDUC_UOE_FINE09(1.0),31/07/23 11:00:00,A,EUR,ED0,CZ,2016,2337.9,
ESTAT:EDUC_UOE_FINE09(1.0),31/07/23 11:00:00,A,EUR,ED0,CZ,2017,2770.7,
ESTAT:EDUC_UOE_FINE09(1.0),31/07/23 11:00:00,A,EUR,ED0,CZ,2018,3170.2,
ESTAT:EDUC_UOE_FINE09(1.0),31/07/23 11:00:00,A,EUR,ED0,CZ,2019,3541.8,
ESTAT:EDUC_UOE_FINE09(1.0),31/07/23 11:00:00,A,EUR,ED0,CZ,2020,3653.7,
ESTAT:EDUC_UOE_FINE09(1.0),31/07/23 11:00:00,A,EUR,ED0,DE,2012,5822.5,
ESTAT:EDUC_UOE_FINE09(1.0),31/07/23 11:00:00,A,EUR,ED0,DE,2013,6256.1,
ESTAT:EDUC_UOE_FINE09(1.0),31/07/23 11:00:00,A,EUR,ED0,DE,2014,6663.6,
ESTAT:EDUC_UOE_FINE09(1.0),31/07/23 11:00:00,A,EUR,ED0,DE,2015,6965.3,
ESTAT:EDUC_UOE_FINE09(1.0),31/07/23 11:00:00,A,EUR,ED0,DE,2016,7443.8,
ESTAT:EDUC_UOE_FINE09(1.0),31/07/23 11:00:00,A,EUR,ED0,DE,2017,7978.4,
ESTAT:EDUC_UOE_FINE09(1.0),31/07/23 11:00:00,A,EUR,ED0,DE,2018,8473.3,
ESTAT:EDUC_UOE_FINE09(1.0),31/07/23 11:00:00,A,EUR,ED0,DE,2019,9156.4,
ESTAT:EDUC_UOE_FINE09(1.0),31/07/23 11:00:00,A,EUR,ED0,DE,2020,10094.6,
ESTAT:EDUC_UOE_FINE09(1.0),31/07/23 11:00:00,A,EUR,ED0,DK,2012,10030.2,
ESTAT:EDUC_UOE_FINE09(1.0),31/07/23 11:00:00,A,EUR,ED0,DK,2013,10152.0,
ESTAT:EDUC_UOE_FINE09(1.0),31/07/23 11:00:00,A,EUR,ED0,DK,2014,10079.1,
ESTAT:EDUC_UOE_FINE09(1.0),31/07/23 11:00:00,A,EUR,ED0,DK,2016,9580.1,
ESTAT:EDUC_UOE_FINE09(1.0),31/07/23 11:00:00,A,EUR,ED0,DK,2017,9991.6,
ESTAT:EDUC_UOE_FINE09(1.0),31/07/23 11:00:00,A,EUR,ED0,DK,2018,10095.5,
ESTAT:EDUC_UOE_FINE09(1.0),31/07/23 11:00:00,A,EUR,ED0,DK,2019,10739.0,
ESTAT:EDUC_UOE_FINE09(1.0),31/07/23 11:00:00,A,EUR,ED0,DK,2020,11073.9,
ESTAT:EDUC_UOE_FINE09(1.0),31/07/23 11:00:00,A,EUR,ED0,EE,2012,1159.8,
ESTAT:EDUC_UOE_FINE09(1.0),31/07/23 11:00:00,A,EUR,ED0,EE,2013,993.9,
ESTAT:EDUC_UOE_FINE09(1.0),31/07/23 11:00:00,A,EUR,ED0,EE,2014,2666.2,
ESTAT:EDUC_UOE_FINE09(1.0),31/07/23 11:00:00,A,EUR,ED0,EE,2015,3024.9,
ESTAT:EDUC_UOE_FINE09(1.0),31/07/23 11:00:00,A,EUR,ED0,EE,2016,3300.7,
ESTAT:EDUC_UOE_FINE09(1.0),31/07/23 11:00:00,A,EUR,ED0,EE,2017,3664.8,
ESTAT:EDUC_UOE_FINE09(1.0),31/07/23 11:00:00,A,EUR,ED0,EE,2018,4139.7,
ESTAT:EDUC_UOE_FINE09(1.0),31/07/23 11:00:00,A,EUR,ED0,EE,2019,4752.3,
ESTAT:EDUC_UOE_FINE09(1.0),31/07/23 11:00:00,A,EUR,ED0,EE,2020,5010.7,
ESTAT:EDUC_UOE_FINE09(1.0),31/07/23 11:00:00,A,EUR,ED0,ES,2012,3507.9,
ESTAT:EDUC_UOE_FINE09(1.0),31/07/23 11:00:00,A,EUR,ED0,ES,2013,3386.7,
ESTAT:EDUC_UOE_FINE09(1.0),31/07/23 11:00:00,A,EUR,ED0,ES,2014,3426.7,
ESTAT:EDUC_UOE_FINE09(1.0),31/07/23 11:00:00,A,EUR,ED0,ES,2015,3579.7,
ESTAT:EDUC_UOE_FINE09(1.0),31/07/23 11:00:00,A,EUR,ED0,ES,2016,3648.8,
ESTAT:EDUC_UOE_FINE09(1.0),31/07/23 11:00:00,A,EUR,ED0,ES,2017,3780.8,
ESTAT:EDUC_UOE_FINE09(1.0),31/07/23 11:00:00,A,EUR,ED0,ES,2018,4000.8,
ESTAT:EDUC_UOE_FINE09(1.0),31/07/23 11:00:00,A,EUR,ED0,ES,2019,4211.2,
ESTAT:EDUC_UOE_FINE09(1.0),31/07/23 11:00:00,A,EUR,ED0,ES,2020,4468.2,
ESTAT:EDUC_UOE_FINE09(1.0),31/07/23 11:00:00,A,EUR,ED0,EU27_2020,2017,5818.5,d
ESTAT:EDUC_UOE_FINE09(1.0),31/07/23 11:00:00,A,EUR,ED0,EU27_2020,2018,6082.9,d
ESTAT:EDUC_UOE_FINE09(1.0),31/07/23 11:00:00,A,EUR,ED0,EU27_2020,2019,6394.3,d
ESTAT:EDUC_UOE_FINE09(1.0),31/07/23 11:00:00,A,EUR,ED0,EU27_2020,2020,6739.3,d
ESTAT:EDUC_UOE_FINE09(1.0),31/07/23 11:00:00,A,EUR,ED0,EU28,2017,5540.8,d
ESTAT:EDUC_UOE_FINE09(1.0),31/07/23 11:00:00,A,EUR,ED0,EU28,2018,5715.7,d
ESTAT:EDUC_UOE_FINE09(1.0),31/07/23 11:00:00,A,EUR,ED0,EU28,2019,6006.7,d
ESTAT:EDUC_UOE_FINE09(1.0),31/07/23 11:00:00,A,EUR,ED0,FI,2012,9464.2,d
ESTAT:EDUC_UOE_FINE09(1.0),31/07/23 11:00:00,A,EUR,ED0,FI,2013,9872.4,
ESTAT:EDUC_UOE_FINE09(1.0),31/07/23 11:00:00,A,EUR,ED0,FI,2014,9897.0,
ESTAT:EDUC_UOE_FINE09(1.0),31/07/23 11:00:00,A,EUR,ED0,FI,2015,10026.3,
ESTAT:EDUC_UOE_FINE09(1.0),31/07/23 11:00:00,A,EUR,ED0,FI,2016,10337.6,
ESTAT:EDUC_UOE_FINE09(1.0),31/07/23 11:00:00,A,EUR,ED0,FI,2017,10227.3,
ESTAT:EDUC_UOE_FINE09(1.0),31/07/23 11:00:00,A,EUR,ED0,FI,2018,11077.5,
ESTAT:EDUC_UOE_FINE09(1.0),31/07/23 11:00:00,A,EUR,ED0,FI,2019,11994.0,
ESTAT:EDUC_UOE_FINE09(1.0),31/07/23 11:00:00,A,EUR,ED0,FI,2020,12355.9,
ESTAT:EDUC_UOE_FINE09(1.0),31/07/23 11:00:00,A,EUR,ED0,FR,2012,5309.7,
ESTAT:EDUC_UOE_FINE09(1.0),31/07/23 11:00:00,A,EUR,ED0,FR,2013,5750.4,
ESTAT:EDUC_UOE_FINE09(1.0),31/07/23 11:00:00,A,EUR,ED0,FR,2014,5840.8,
ESTAT:EDUC_UOE_FINE09(1.0),31/07/23 11:00:00,A,EUR,ED0,FR,2015,5942.3,
ESTAT:EDUC_UOE_FINE09(1.0),31/07/23 11:00:00,A,EUR,ED0,FR,2016,6060.3,
ESTAT:EDUC_UOE_FINE09(1.0),31/07/23 11:00:00,A,EUR,ED0,FR,2017,6372.5,
ESTAT:EDUC_UOE_FINE09(1.0),31/07/23 11:00:00,A,EUR,ED0,FR,2018,6465.7,
ESTAT:EDUC_UOE_FINE09(1.0),31/07/23 11:00:00,A,EUR,ED0,FR,2019,6587.9,
ESTAT:EDUC_UOE_FINE09(1.0),31/07/23 11:00:00,A,EUR,ED0,FR,2020,6688.1,
ESTAT:EDUC_UOE_FINE09(1.0),31/07/23 11:00:00,A,EUR,ED0,HR,2016,1940.9,d
ESTAT:EDUC_UOE_FINE09(1.0),31/07/23 11:00:00,A,EUR,ED0,HR,2017,2092.8,
ESTAT:EDUC_UOE_FINE09(1.0),31/07/23 11:00:00,A,EUR,ED0,HR,2018,2252.3,
ESTAT:EDUC_UOE_FINE09(1.0),31/07/23 11:00:00,A,EUR,ED0,HR,2019,2431.6,
ESTAT:EDUC_UOE_FINE09(1.0),31/07/23 11:00:00,A,EUR,ED0,HR,2020,2478.2,
ESTAT:EDUC_UOE_FINE09(1.0),31/07/23 11:00:00,A,EUR,ED0,HU,2014,2674.5,
ESTAT:EDUC_UOE_FINE09(1.0),31/07/23 11:00:00,A,EUR,ED0,HU,2015,2740.9,
ESTAT:EDUC_UOE_FINE09(1.0),31/07/23 11:00:00,A,EUR,ED0,HU,2016,2832.9,
ESTAT:EDUC_UOE_FINE09(1.0),31/07/23 11:00:00,A,EUR,ED0,HU,2017,2857.3,
ESTAT:EDUC_UOE_FINE09(1.0),31/07/23 11:00:00,A,EUR,ED0,HU,2018,2921.4,
ESTAT:EDUC_UOE_FINE09(1.0),31/07/23 11:00:00,A,EUR,ED0,HU,2019,3082.1,
ESTAT:EDUC_UOE_FINE09(1.0),31/07/23 11:00:00,A,EUR,ED0,HU,2020,2806.3,
ESTAT:EDUC_UOE_FINE09(1.0),31/07/23 11:00:00,A,EUR,ED0,IE,2014,5357.9,
ESTAT:EDUC_UOE_FINE09(1.0),31/07/23 11:00:00,A,EUR,ED0,IE,2015,7111.9,
ESTAT:EDUC_UOE_FINE09(1.0),31/07/23 11:00:00,A,EUR,ED0,IE,2016,6565.7,
ESTAT:EDUC_UOE_FINE09(1.0),31/07/23 11:00:00,A,EUR,ED0,IE,2017,6056.4,
ESTAT:EDUC_UOE_FINE09(1.0),31/07/23 11:00:00,A,EUR,ED0,IE,2018,6039.0,
ESTAT:EDUC_UOE_FINE09(1.0),31/07/23 11:00:00,A,EUR,ED0,IE,2019,7137.3,
ESTAT:EDUC_UOE_FINE09(1.0),31/07/23 11:00:00,A,EUR,ED0,IE,2020,6369.0,
ESTAT:EDUC_UOE_FINE09(1.0),31/07/23 11:00:00,A,EUR,ED0,IS,2012,8387.1,
ESTAT:EDUC_UOE_FINE09(1.0),31/07/23 11:00:00,A,EUR,ED0,IS,2013,8564.1,
ESTAT:EDUC_UOE_FINE09(1.0),31/07/23 11:00:00,A,EUR,ED0,IS,2014,10106.7,
ESTAT:EDUC_UOE_FINE09(1.0),31/07/23 11:00:00,A,EUR,ED0,IS,2015,11685.9,
ESTAT:EDUC_UOE_FINE09(1.0),31/07/23 11:00:00,A,EUR,ED0,IS,2016,13861.7,
ESTAT:EDUC_UOE_FINE09(1.0),31/07/23 11:00:00,A,EUR,ED0,IS,2017,17389.8,
ESTAT:EDUC_UOE_FINE09(1.0),31/07/23 11:00:00,A,EUR,ED0,IS,2018,18597.1,
ESTAT:EDUC_UOE_FINE09(1.0),31/07/23 11:00:00,A,EUR,ED0,IS,2019,18728.2,
ESTAT:EDUC_UOE_FINE09(1.0),31/07/23 11:00:00,A,EUR,ED0,IS,2020,18612.0,
ESTAT:EDUC_UOE_FINE09(1.0),31/07/23 11:00:00,A,EUR,ED0,IT,2012,4268.5,
ESTAT:EDUC_UOE_FINE09(1.0),31/07/23 11:00:00,A,EUR,ED0,IT,2013,4343.2,
ESTAT:EDUC_UOE_FINE09(1.0),31/07/23 11:00:00,A,EUR,ED0,IT,2014,4081.9,
ESTAT:EDUC_UOE_FINE09(1.0),31/07/23 11:00:00,A,EUR,ED0,IT,2015,4084.1,
ESTAT:EDUC_UOE_FINE09(1.0),31/07/23 11:00:00,A,EUR,ED0,IT,2016,4775.2,
ESTAT:EDUC_UOE_FINE09(1.0),31/07/23 11:00:00,A,EUR,ED0,IT,2017,5400.1,
ESTAT:EDUC_UOE_FINE09(1.0),31/07/23 11:00:00,A,EUR,ED0,IT,2018,5706.7,
ESTAT:EDUC_UOE_FINE09(1.0),31/07/23 11:00:00,A,EUR,ED0,IT,2019,6101.0,
ESTAT:EDUC_UOE_FINE09(1.0),31/07/23 11:00:00,A,EUR,ED0,IT,2020,5741.4,
ESTAT:EDUC_UOE_FINE09(1.0),31/07/23 11:00:00,A,EUR,ED0,LT,2012,1908.4,
ESTAT:EDUC_UOE_FINE09(1.0),31/07/23 11:00:00,A,EUR,ED0,LT,2013,1898.5,
ESTAT:EDUC_UOE_FINE09(1.0),31/07/23 11:00:00,A,EUR,ED0,LT,2014,1904.6,
ESTAT:EDUC_UOE_FINE09(1.0),31/07/23 11:00:00,A,EUR,ED0,LT,2015,2036.2,
ESTAT:EDUC_UOE_FINE09(1.0),31/07/23 11:00:00,A,EUR,ED0,LT,2016,2331.3,
ESTAT:EDUC_UOE_FINE09(1.0),31/07/23 11:00:00,A,EUR,ED0,LT,2017,2533.3,
ESTAT:EDUC_UOE_FINE09(1.0),31/07/23 11:00:00,A,EUR,ED0,LT,2018,3011.3,
ESTAT:EDUC_UOE_FINE09(1.0),31/07/23 11:00:00,A,EUR,ED0,LT,2019,3251.6,
ESTAT:EDUC_UOE_FINE09(1.0),31/07/23 11:00:00,A,EUR,ED0,LT,2020,3878.8,
ESTAT:EDUC_UOE_FINE09(1.0),31/07/23 11:00:00,A,EUR,ED0,LU,2012,17222.0,
ESTAT:EDUC_UOE_FINE09(1.0),31/07/23 11:00:00,A,EUR,ED0,LU,2013,15015.7,
ESTAT:EDUC_UOE_FINE09(1.0),31/07/23 11:00:00,A,EUR,ED0,LU,2014,17525.8,
ESTAT:EDUC_UOE_FINE09(1.0),31/07/23 11:00:00,A,EUR,ED0,LU,2015,17595.9,
ESTAT:EDUC_UOE_FINE09(1.0),31/07/23 11:00:00,A,EUR,ED0,LU,2016,14547.9,
ESTAT:EDUC_UOE_FINE09(1.0),31/07/23 11:00:00,A,EUR,ED0,LU,2017,15597.2,
ESTAT:EDUC_UOE_FINE09(1.0),31/07/23 11:00:00,A,EUR,ED0,LU,2018,16204.4,
ESTAT:EDUC_UOE_FINE09(1.0),31/07/23 11:00:00,A,EUR,ED0,LU,2019,18184.7,
ESTAT:EDUC_UOE_FINE09(1.0),31/07/23 11:00:00,A,EUR,ED0,LU,2020,18815.7,
ESTAT:EDUC_UOE_FINE09(1.0),31/07/23 11:00:00,A,EUR,ED0,LV,2012,3130.9,
ESTAT:EDUC_UOE_FINE09(1.0),31/07/23 11:00:00,A,EUR,ED0,LV,2013,2375.9,
ESTAT:EDUC_UOE_FINE09(1.0),31/07/23 11:00:00,A,EUR,ED0,LV,2014,2606.6,
ESTAT:EDUC_UOE_FINE09(1.0),31/07/23 11:00:00,A,EUR,ED0,LV,2015,2604.9,
ESTAT:EDUC_UOE_FINE09(1.0),31/07/23 11:00:00,A,EUR,ED0,LV,2016,2691.0,
ESTAT:EDUC_UOE_FINE09(1.0),31/07/23 11:00:00,A,EUR,ED0,LV,2017,2895.4,
ESTAT:EDUC_UOE_FINE09(1.0),31/07/23 11:00:00,A,EUR,ED0,LV,2018,2832.2,
ESTAT:EDUC_UOE_FINE09(1.0),31/07/23 11:00:00,A,EUR,ED0,LV,2020,3325.0,
ESTAT:EDUC_UOE_FINE09(1.0),31/07/23 11:00:00,A,EUR,ED0,MT,2012,3288.8,
ESTAT:EDUC_UOE_FINE09(1.0),31/07/23 11:00:00,A,EUR,ED0,MT,2013,3689.6,
ESTAT:EDUC_UOE_FINE09(1.0),31/07/23 11:00:00,A,EUR,ED0,MT,2014,3834.1,
ESTAT:EDUC_UOE_FINE09(1.0),31/07/23 11:00:00,A,EUR,ED0,MT,2015,3831.9,
ESTAT:EDUC_UOE_FINE09(1.0),31/07/23 11:00:00,A,EUR,ED0,MT,2016,4124.1,d
ESTAT:EDUC_UOE_FINE09(1.0),31/07/23 11:00:00,A,EUR,ED0,MT,2018,4673.0,d
ESTAT:EDUC_UOE_FINE09(1.0),31/07/23 11:00:00,A,EUR,ED0,MT,2019,5472.5,d
ESTAT:EDUC_UOE_FINE09(1.0),31/07/23 11:00:00,A,EUR,ED0,MT,2020,5823.9,d
ESTAT:EDUC_UOE_FINE09(1.0),31/07/23 11:00:00,A,EUR,ED0,NL,2012,6128.1,
ESTAT:EDUC_UOE_FINE09(1.0),31/07/23 11:00:00,A,EUR,ED0,NL,2013,6291.2,
ESTAT:EDUC_UOE_FINE09(1.0),31/07/23 11:00:00,A,EUR,ED0,NL,2014,6221.4,
ESTAT:EDUC_UOE_FINE09(1.0),31/07/23 11:00:00,A,EUR,ED0,NL,2015,6194.3,
ESTAT:EDUC_UOE_FINE09(1.0),31/07/23 11:00:00,A,EUR,ED0,NL,2016,6356.8,
ESTAT:EDUC_UOE_FINE09(1.0),31/07/23 11:00:00,A,EUR,ED0,NL,2017,6674.1,
ESTAT:EDUC_UOE_FINE09(1.0),31/07/23 11:00:00,A,EUR,ED0,NL,2018,7246.5,
ESTAT:EDUC_UOE_FINE09(1.0),31/07/23 11:00:00,A,EUR,ED0,NL,2019,7582.2,
ESTAT:EDUC_UOE_FINE09(1.0),31/07/23 11:00:00,A,EUR,ED0,NL,2020,8084.1,
ESTAT:EDUC_UOE_FINE09(1.0),31/07/23 11:00:00,A,EUR,ED0,NO,2013,20269.9,
ESTAT:EDUC_UOE_FINE09(1.0),31/07/23 11:00:00,A,EUR,ED0,NO,2014,17958.0,
ESTAT:EDUC_UOE_FINE09(1.0),31/07/23 11:00:00,A,EUR,ED0,NO,2015,17275.7,
ESTAT:EDUC_UOE_FINE09(1.0),31/07/23 11:00:00,A,EUR,ED0,NO,2016,17355.0,
ESTAT:EDUC_UOE_FINE09(1.0),31/07/23 11:00:00,A,EUR,ED0,NO,2017,18071.4,
ESTAT:EDUC_UOE_FINE09(1.0),31/07/23 11:00:00,A,EUR,ED0,NO,2018,18362.2,
ESTAT:EDUC_UOE_FINE09(1.0),31/07/23 11:00:00,A,EUR,ED0,NO,2019,18961.0,
ESTAT:EDUC_UOE_FINE09(1.0),31/07/23 11:00:00,A,EUR,ED0,NO,2020,18011.4,
ESTAT:EDUC_UOE_FINE09(1.0),31/07/23 11:00:00,A,EUR,ED0,PL,2012,1762.9,
ESTAT:EDUC_UOE_FINE09(1.0),31/07/23 11:00:00,A,EUR,ED0,PL,2013,1785.0,
ESTAT:EDUC_UOE_FINE09(1.0),31/07/23 11:00:00,A,EUR,ED0,PL,2014,1994.9,
ESTAT:EDUC_UOE_FINE09(1.0),31/07/23 11:00:00,A,EUR,ED0,PL,2015,2088.0,
ESTAT:EDUC_UOE_FINE09(1.0),31/07/23 11:00:00,A,EUR,ED0,PL,2016,2273.8,
ESTAT:EDUC_UOE_FINE09(1.0),31/07/23 11:00:00,A,EUR,ED0,PL,2017,2367.1,
ESTAT:EDUC_UOE_FINE09(1.0),31/07/23 11:00:00,A,EUR,ED0,PL,2018,2547.2,
ESTAT:EDUC_UOE_FINE09(1.0),31/07/23 11:00:00,A,EUR,ED0,PL,2019,2804.4,
ESTAT:EDUC_UOE_FINE09(1.0),31/07/23 11:00:00,A,EUR,ED0,PL,2020,2871.8,
ESTAT:EDUC_UOE_FINE09(1.0),31/07/23 11:00:00,A,EUR,ED0,PT,2012,2384.8,
ESTAT:EDUC_UOE_FINE09(1.0),31/07/23 11:00:00,A,EUR,ED0,PT,2013,2659.0,
ESTAT:EDUC_UOE_FINE09(1.0),31/07/23 11:00:00,A,EUR,ED0,PT,2014,2768.5,
ESTAT:EDUC_UOE_FINE09(1.0),31/07/23 11:00:00,A,EUR,ED0,PT,2015,2688.8,
ESTAT:EDUC_UOE_FINE09(1.0),31/07/23 11:00:00,A,EUR,ED0,RO,2014,927.2,
ESTAT:EDUC_UOE_FINE09(1.0),31/07/23 11:00:00,A,EUR,ED0,RO,2015,1027.4,
ESTAT:EDUC_UOE_FINE09(1.0),31/07/23 11:00:00,A,EUR,ED0,RO,2016,1030.8,
ESTAT:EDUC_UOE_FINE09(1.0),31/07/23 11:00:00,A,EUR,ED0,RO,2017,1186.1,
ESTAT:EDUC_UOE_FINE09(1.0),31/07/23 11:00:00,A,EUR,ED0,RO,2018,1355.6,
ESTAT:EDUC_UOE_FINE09(1.0),31/07/23 11:00:00,A,EUR,ED0,RO,2019,1659.3,
ESTAT:EDUC_UOE_FINE09(1.0),31/07/23 11:00:00,A,EUR,ED0,RO,2020,1684.1,
ESTAT:EDUC_UOE_FINE09(1.0),31/07/23 11:00:00,A,EUR,ED0,RS,2013,105.4,
ESTAT:EDUC_UOE_FINE09(1.0),31/07/23 11:00:00,A,EUR,ED0,RS,2014,110.2,
ESTAT:EDUC_UOE_FINE09(1.0),31/07/23 11:00:00,A,EUR,ED0,RS,2015,116.7,
ESTAT:EDUC_UOE_FINE09(1.0),31/07/23 11:00:00,A,EUR,ED0,RS,2017,115.9,d
ESTAT:EDUC_UOE_FINE09(1.0),31/07/23 11:00:00,A,EUR,ED0,SE,2012,12926.6,
ESTAT:EDUC_UOE_FINE09(1.0),31/07/23 11:00:00,A,EUR,ED0,SE,2013,13451.4,
ESTAT:EDUC_UOE_FINE09(1.0),31/07/23 11:00:00,A,EUR,ED0,SE,2014,13266.5,
ESTAT:EDUC_UOE_FINE09(1.0),31/07/23 11:00:00,A,EUR,ED0,SE,2015,13488.2,
ESTAT:EDUC_UOE_FINE09(1.0),31/07/23 11:00:00,A,EUR,ED0,SE,2016,13740.7,
ESTAT:EDUC_UOE_FINE09(1.0),31/07/23 11:00:00,A,EUR,ED0,SE,2017,13152.4,
ESTAT:EDUC_UOE_FINE09(1.0),31/07/23 11:00:00,A,EUR,ED0,SE,2018,12865.1,
ESTAT:EDUC_UOE_FINE09(1.0),31/07/23 11:00:00,A,EUR,ED0,SE,2019,12628.3,
ESTAT:EDUC_UOE_FINE09(1.0),31/07/23 11:00:00,A,EUR,ED0,SE,2020,12916.0,
ESTAT:EDUC_UOE_FINE09(1.0),31/07/23 11:00:00,A,EUR,ED0,SI,2012,4351.7,
ESTAT:EDUC_UOE_FINE09(1.0),31/07/23 11:00:00,A,EUR,ED0,SI,2013,4163.9,
ESTAT:EDUC_UOE_FINE09(1.0),31/07/23 11:00:00,A,EUR,ED0,SI,2014,4433.0,
ESTAT:EDUC_UOE_FINE09(1.0),31/07/23 11:00:00,A,EUR,ED0,SI,2015,3889.6,
ESTAT:EDUC_UOE_FINE09(1.0),31/07/23 11:00:00,A,EUR,ED0,SI,2016,3827.0,
ESTAT:EDUC_UOE_FINE09(1.0),31/07/23 11:00:00,A,EUR,ED0,SI,2017,4058.9,
ESTAT:EDUC_UOE_FINE09(1.0),31/07/23 11:00:00,A,EUR,ED0,SI,2018,4244.6,
ESTAT:EDUC_UOE_FINE09(1.0),31/07/23 11:00:00,A,EUR,ED0,SI,2019,4439.6,
ESTAT:EDUC_UOE_FINE09(1.0),31/07/23 11:00:00,A,EUR,ED0,SI,2020,4837.7,
ESTAT:EDUC_UOE_FINE09(1.0),31/07/23 11:00:00,A,EUR,ED0,SK,2012,2030.2,
ESTAT:EDUC_UOE_FINE09(1.0),31/07/23 11:00:00,A,EUR,ED0,SK,2013,2140.0,
ESTAT:EDUC_UOE_FINE09(1.0),31/07/23 11:00:00,A,EUR,ED0,SK,2014,2355.2,
ESTAT:EDUC_UOE_FINE09(1.0),31/07/23 11:00:00,A,EUR,ED0,SK,2015,2440.4,
ESTAT:EDUC_UOE_FINE09(1.0),31/07/23 11:00:00,A,EUR,ED0,SK,2016,2566.6,
ESTAT:EDUC_UOE_FINE09(1.0),31/07/23 11:00:00,A,EUR,ED0,SK,2017,2723.5,
ESTAT:EDUC_UOE_FINE09(1.0),31/07/23 11:00:00,A,EUR,ED0,SK,2018,2962.8,
ESTAT:EDUC_UOE_FINE09(1.0),31/07/23 11:00:00,A,EUR,ED0,SK,2019,3479.7,
ESTAT:EDUC_UOE_FINE09(1.0),31/07/23 11:00:00,A,EUR,ED0,SK,2020,3568.2,
ESTAT:EDUC_UOE_FINE09(1.0),31/07/23 11:00:00,A,EUR,ED0,TR,2012,1368.2,
ESTAT:EDUC_UOE_FINE09(1.0),31/07/23 11:00:00,A,EUR,ED0,TR,2013,1323.5,
ESTAT:EDUC_UOE_FINE09(1.0),31/07/23 11:00:00,A,EUR,ED0,TR,2014,1198.4,
ESTAT:EDUC_UOE_FINE09(1.0),31/07/23 11:00:00,A,EUR,ED0,TR,2015,1294.6,d
ESTAT:EDUC_UOE_FINE09(1.0),31/07/23 11:00:00,A,EUR,ED0,TR,2016,1520.2,d
ESTAT:EDUC_UOE_FINE09(1.0),31/07/23 11:00:00,A,EUR,ED0,UK,2012,5725.6,
ESTAT:EDUC_UOE_FINE09(1.0),31/07/23 11:00:00,A,EUR,ED0,UK,2013,4641.8,
ESTAT:EDUC_UOE_FINE09(1.0),31/07/23 11:00:00,A,EUR,ED0,UK,2014,3996.1,
ESTAT:EDUC_UOE_FINE09(1.0),31/07/23 11:00:00,A,EUR,ED0,UK,2015,4753.6,b
ESTAT:EDUC_UOE_FINE09(1.0),31/07/23 11:00:00,A,EUR,ED0,UK,2016,3297.3,
ESTAT:EDUC_UOE_FINE09(1.0),31/07/23 11:00:00,A,EUR,ED0,UK,2017,3183.2,
ESTAT:EDUC_UOE_FINE09(1.0),31/07/23 11:00:00,A,EUR,ED0,UK,2018,3015.7,
ESTAT:EDUC_UOE_FINE09(1.0),31/07/23 11:00:00,A,EUR,ED0,UK,2019,3141.5,
